{
  "train_loss": [
    0.8912564640516764,
    0.5856762819892758,
    0.5522978944437844,
    0.5407392867318876,
    0.5234306932805659,
    0.5183012596853487
  ],
  "val_loss": [
    0.6093389625134675,
    0.5523870976074882,
    0.5433521957501121,
    0.5368427141853,
    0.5391115312990935,
    0.5611630626346754
  ],
  "val_auc": [
    0.5950483208271447,
    0.6100827530333134,
    0.6191126071384939,
    0.6336799058660133,
    0.6409379963092275,
    0.6417912463108351
  ],
  "val_precision": [
    0.453416149068323,
    0.4797297297297297,
    0.6428571428571429,
    0.5503355704697986,
    0.455,
    0.620253164556962
  ],
  "val_recall": [
    0.10354609929078014,
    0.10070921985815603,
    0.06382978723404255,
    0.11631205673758865,
    0.12907801418439716,
    0.06950354609929078
  ]
}