{
  "15": {
    "recalled_items": [
      86194,
      734503,
      393775,
      3298533,
      74137,
      344591,
      40590,
      12637,
      58532,
      3106806,
      21693,
      2489785,
      9500,
      3053,
      7368,
      1363694,
      3406481,
      4677,
      879940,
      828626
    ],
    "scores": [
      -0.0942249596118927,
      -0.16261613368988037,
      -0.19896827638149261,
      -0.2131761610507965,
      -0.21390767395496368,
      -0.23814603686332703,
      -0.24039387702941895,
      -0.24643000960350037,
      -0.2477179616689682,
      -0.28527870774269104,
      -0.29883599281311035,
      -0.29911383986473083,
      -0.30045846104621887,
      -0.30265089869499207,
      -0.3103380799293518,
      -0.3254556357860565,
      -0.34557169675827026,
      -0.34610602259635925,
      -0.3507886528968811,
      -0.3511587977409363
    ]
  },
  "33": {
    "recalled_items": [
      3175241,
      3480511,
      3274256,
      274645,
      346262,
      3406832,
      1352638,
      3421772,
      3486611,
      2569378,
      311349,
      2022588,
      3472315,
      1331724,
      670839,
      1058789,
      1910868,
      2591820,
      509005,
      379195
    ],
    "scores": [
      0.030532289296388626,
      -0.3701862394809723,
      -0.37793266773223877,
      -0.40051040053367615,
      -0.42592060565948486,
      -0.4362654983997345,
      -0.4587693214416504,
      -0.4668879210948944,
      -0.47194308042526245,
      -0.4765288233757019,
      -0.4784693121910095,
      -0.48339056968688965,
      -0.48471376299858093,
      -0.48971933126449585,
      -0.4996092617511749,
      -0.5034044981002808,
      -0.5135434865951538,
      -0.5186358094215393,
      -0.519216775894165,
      -0.5240735411643982
    ]
  },
  "94": {
    "recalled_items": [
      1044567,
      1325212,
      1331031,
      1028733,
      911783,
      1886121,
      3268127,
      2899271,
      1956309,
      1633827,
      1008284,
      133332,
      2998143,
      2877273,
      1128529,
      2055234,
      1361834,
      1494799,
      1702077,
      952778
    ],
    "scores": [
      0.99189692735672,
      0.951640248298645,
      0.9406792521476746,
      0.93510901927948,
      0.9216126799583435,
      0.9210280179977417,
      0.9136570692062378,
      0.9052313566207886,
      0.876655638217926,
      0.8591325283050537,
      0.8478773832321167,
      0.8452789783477783,
      0.8359692096710205,
      0.8269303441047668,
      0.8152943849563599,
      0.7891893982887268,
      0.7818872332572937,
      0.772364616394043,
      0.7703443765640259,
      0.7558817267417908
    ]
  },
  "121": {
    "recalled_items": [
      144851,
      21478,
      9256,
      29651,
      9627,
      54596,
      132137,
      12457,
      210904,
      53941,
      209273,
      1768,
      1262,
      88846,
      22936,
      10561,
      505,
      86582,
      139405,
      1285
    ],
    "scores": [
      1.4214768409729004,
      1.419457197189331,
      1.4074863195419312,
      1.376648187637329,
      1.369713306427002,
      1.3563032150268555,
      1.3439195156097412,
      1.320603609085083,
      1.3105453252792358,
      1.3088886737823486,
      1.2935402393341064,
      1.2931066751480103,
      1.2876887321472168,
      1.2828147411346436,
      1.2799370288848877,
      1.279393196105957,
      1.2709981203079224,
      1.2702511548995972,
      1.2631338834762573,
      1.2631083726882935
    ]
  },
  "150": {
    "recalled_items": [
      409096,
      1584829,
      1672456,
      38092,
      3457925,
      1584367,
      1889406,
      1859017,
      3058835,
      2894637,
      231,
      1965858,
      1884858,
      1232508,
      2533,
      1439439,
      2249522,
      752122,
      10122,
      706369
    ],
    "scores": [
      0.01672423630952835,
      -0.07481462508440018,
      -0.09842484444379807,
      -0.12051182985305786,
      -0.12895949184894562,
      -0.1324090212583542,
      -0.17057278752326965,
      -0.19041605293750763,
      -0.19162479043006897,
      -0.20040123164653778,
      -0.20559871196746826,
      -0.20617814362049103,
      -0.21385005116462708,
      -0.22365474700927734,
      -0.22577980160713196,
      -0.22923006117343903,
      -0.22975406050682068,
      -0.2502129077911377,
      -0.2504045069217682,
      -0.2536395490169525
    ]
  },
  "180": {
    "recalled_items": [
      10122,
      231,
      6230,
      14637,
      3111109,
      250684,
      52968,
      1859017,
      13854,
      3212,
      1331687,
      1884858,
      3058835,
      1428676,
      2329,
      3119447,
      271678,
      468231,
      481902,
      50404
    ],
    "scores": [
      0.9529900550842285,
      0.8529765605926514,
      0.741499662399292,
      0.69562828540802,
      0.6364479660987854,
      0.5952249765396118,
      0.5801053047180176,
      0.5590518116950989,
      0.5544112324714661,
      0.549163281917572,
      0.5483741164207458,
      0.5455899238586426,
      0.5271835327148438,
      0.5161265730857849,
      0.5161061882972717,
      0.5135171413421631,
      0.5009651184082031,
      0.49470511078834534,
      0.49235549569129944,
      0.4864937365055084
    ]
  },
  "197": {
    "recalled_items": [
      52968,
      231,
      14637,
      10122,
      26724,
      96453,
      190141,
      312,
      143749,
      7634,
      2329,
      1380224,
      239669,
      296330,
      9147,
      3212,
      19714,
      32860,
      3241,
      37261
    ],
    "scores": [
      2.8203580379486084,
      2.7936196327209473,
      2.701850414276123,
      2.632330894470215,
      2.629664897918701,
      2.616363763809204,
      2.5734000205993652,
      2.544889450073242,
      2.5404226779937744,
      2.5292558670043945,
      2.522869348526001,
      2.5023140907287598,
      2.499678373336792,
      2.4803385734558105,
      2.467848300933838,
      2.464877128601074,
      2.4252495765686035,
      2.416841745376587,
      2.4124045372009277,
      2.4077870845794678
    ]
  },
  "212": {
    "recalled_items": [
      10122,
      49651,
      3925,
      1361376,
      143632,
      258790,
      1821,
      1437089,
      1428676,
      12332,
      6230,
      5021,
      657394,
      250684,
      15891,
      2292,
      1353200,
      14637,
      63462,
      21046
    ],
    "scores": [
      1.5254145860671997,
      1.3406933546066284,
      1.3149775266647339,
      1.3119560480117798,
      1.3112678527832031,
      1.3102442026138306,
      1.3025035858154297,
      1.3011620044708252,
      1.2933473587036133,
      1.2868711948394775,
      1.2746762037277222,
      1.2691304683685303,
      1.2667161226272583,
      1.2665820121765137,
      1.2650443315505981,
      1.2486169338226318,
      1.237236499786377,
      1.2348599433898926,
      1.232177734375,
      1.201625943183899
    ]
  },
  "221": {
    "recalled_items": [
      44337,
      3335,
      36286,
      688236,
      14666,
      1359100,
      71141,
      3222,
      1827,
      400984,
      3184,
      345395,
      3050083,
      44421,
      667,
      101,
      51463,
      90120,
      17056,
      3591
    ],
    "scores": [
      -0.38321003317832947,
      -0.5571554899215698,
      -0.5927891731262207,
      -0.593075156211853,
      -0.6320732235908508,
      -0.6371755003929138,
      -0.6395640969276428,
      -0.6490520238876343,
      -0.6554399728775024,
      -0.6580746173858643,
      -0.6602275967597961,
      -0.6606751680374146,
      -0.6704564094543457,
      -0.673590362071991,
      -0.6744784116744995,
      -0.6781307458877563,
      -0.6829630136489868,
      -0.6853326559066772,
      -0.6871873736381531,
      -0.688896656036377
    ]
  },